name,username,bio,followers,posts,profile_pic_path,label
Chris Wilson,alex.johnson577,Lover of travel and coffee ☕,7175,372,data/images/user1.jpg,Legitimate
Emily Brown,john_doe123_official,Tech enthusiast | Blogger,1980,5,data/images/user2.jpg,Clone
Laura Taylor,janesmith_456253,Dreamer | Artist,6337,98,data/images/user3.jpg,Suspicious/Non-Clone
Michael Chen,alex.johnson754,Dreamer | Artist,8850,379,data/images/user4.jpg,Suspicious/Non-Clone
Chris Wilson,alex.johnson727,Tech geek | Gamer,9389,232,data/images/user5.jpg,Suspicious/Non-Clone
Emma Clark,john_doe12390,Photographer | Nature lover,4332,36,data/images/user6.jpg,Suspicious/Non-Clone
Alex Johnson,laura.taylor_official,Fitness freak 💪,2561,279,data/images/user7.jpg,Clone
Chris Wilson,emmaclark_602,Tech geek | Gamer,709,348,data/images/user8.jpg,Legitimate
Laura Taylor,janesmith_456115,Foodie | Recipe creator,2861,496,data/images/user9.jpg,Suspicious/Non-Clone
Michael Chen,davidlee_22903,Fitness freak 💪,7148,301,data/images/user10.jpg,Legitimate
Emily Brown,emilyb_789_fake,Tech enthusiast | Blogger,6596,180,data/images/user11.jpg,Clone
Laura Taylor,janesmith_456_fake,Fitness freak 💪,9611,94,data/images/user12.jpg,Clone
Laura Taylor,laura.taylor_fake,Photographer | Nature lover,2036,98,data/images/user13.jpg,Clone
Alex Johnson,mikechen_761,Fitness freak 💪,8388,187,data/images/user14.jpg,Suspicious/Non-Clone
Sarah Davis,emilyb_789394,Tech enthusiast | Blogger,2961,480,data/images/user15.jpg,Legitimate
Michael Chen,mikechen_457,Photographer | Nature lover,1784,115,data/images/user16.jpg,Legitimate
Jane Smith,laura.taylor192,Book lover 📚,1893,190,data/images/user17.jpg,Legitimate
Laura Taylor,alex.johnson49,Dreamer | Artist,8730,252,data/images/user18.jpg,Clone
Sarah Davis,emilyb_789978,Dreamer | Artist,3026,468,data/images/user19.jpg,Suspicious/Non-Clone
Jane Smith,john_doe12396,Adventure seeker,2009,415,data/images/user20.jpg,Clone
Michael Chen,mikechen__fake,Book lover 📚,5809,470,data/images/user21.jpg,Clone
John Doe,chris_wilson525,Book lover 📚,6744,160,data/images/user22.jpg,Legitimate
Emma Clark,chris_wilson89,Fitness freak 💪,2435,255,data/images/user23.jpg,Clone
Sarah Davis,davidlee_22798,Dreamer | Artist,4786,322,data/images/user24.jpg,Legitimate
David Lee,john_doe123881,Tech enthusiast | Blogger,1852,127,data/images/user25.jpg,Suspicious/Non-Clone
John Doe,emilyb_789880,Just living life!,8205,17,data/images/user26.jpg,Legitimate
Emma Clark,davidlee_22342,Just living life!,8170,280,data/images/user27.jpg,Suspicious/Non-Clone
Alex Johnson,alex.johnson177,Photographer | Nature lover,6666,489,data/images/user28.jpg,Legitimate
Chris Wilson,emilyb_789_fake,Dreamer | Artist,5584,222,data/images/user29.jpg,Clone
Emily Brown,davidlee_22_fake,Dreamer | Artist,4111,53,data/images/user30.jpg,Clone
David Lee,chris_wilson796,Just living life!,312,57,data/images/user31.jpg,Suspicious/Non-Clone
Alex Johnson,emilyb_789851,Dreamer | Artist,6337,322,data/images/user32.jpg,Suspicious/Non-Clone
Michael Chen,emmaclark_367,Fitness freak 💪,8865,359,data/images/user33.jpg,Suspicious/Non-Clone
Alex Johnson,mikechen_69,Foodie | Recipe creator,9258,173,data/images/user34.jpg,Legitimate
Chris Wilson,alex.johnson396,Lover of travel and coffee ☕,2099,279,data/images/user35.jpg,Legitimate
Michael Chen,davidlee_22948,Book lover 📚,5473,113,data/images/user36.jpg,Suspicious/Non-Clone
David Lee,mikechen_53,Adventure seeker,4598,287,data/images/user37.jpg,Clone
Chris Wilson,davidlee_2239,Photographer | Nature lover,3158,430,data/images/user38.jpg,Legitimate
Jane Smith,mikechen_42,Foodie | Recipe creator,7208,341,data/images/user39.jpg,Legitimate
Emily Brown,emmaclark_935,Just living life!,7450,150,data/images/user40.jpg,Legitimate
David Lee,emmaclark_133,Book lover 📚,3220,449,data/images/user41.jpg,Suspicious/Non-Clone
Jane Smith,alex.johnson215,Dreamer | Artist,9924,126,data/images/user42.jpg,Suspicious/Non-Clone
Emma Clark,janesmith_456751,Adventure seeker,2305,154,data/images/user43.jpg,Suspicious/Non-Clone
David Lee,davidlee_2274,Dreamer | Artist,1204,489,data/images/user44.jpg,Suspicious/Non-Clone
Emma Clark,emmaclark_492,Tech enthusiast | Blogger,4549,385,data/images/user45.jpg,Suspicious/Non-Clone
Michael Chen,john_doe123_official,Tech enthusiast | Blogger,6345,473,data/images/user46.jpg,Clone
Jane Smith,laura.taylor_fake,Adventure seeker,6247,272,data/images/user47.jpg,Clone
Emily Brown,janesmith_456795,Adventure seeker,9938,103,data/images/user48.jpg,Suspicious/Non-Clone
Chris Wilson,emmaclark_194,Just living life!,1698,416,data/images/user49.jpg,Legitimate
Laura Taylor,mikechen_29,Adventure seeker,5589,392,data/images/user50.jpg,Suspicious/Non-Clone
Alex Johnson,mikechen_38,Fitness freak 💪,9687,298,data/images/user51.jpg,Clone
John Doe,laura.taylor_official,Dreamer | Artist,4249,245,data/images/user52.jpg,Clone
Emily Brown,emilyb_789657,Foodie | Recipe creator,8495,175,data/images/user53.jpg,Legitimate
Jane Smith,chris_wilson_fake,Tech geek | Gamer,2607,38,data/images/user54.jpg,Clone
Laura Taylor,emilyb_789804,Adventure seeker,5642,476,data/images/user55.jpg,Suspicious/Non-Clone
Emily Brown,sarahdavis99252,Photographer | Nature lover,148,169,data/images/user56.jpg,Legitimate
Jane Smith,alex.johnson445,Tech enthusiast | Blogger,2250,246,data/images/user57.jpg,Suspicious/Non-Clone
Sarah Davis,sarahdavis99167,Fitness freak 💪,3011,25,data/images/user58.jpg,Suspicious/Non-Clone
Sarah Davis,emmaclark_858,Book lover 📚,5023,354,data/images/user59.jpg,Legitimate
Emma Clark,alex.johnson39,Tech geek | Gamer,4483,305,data/images/user60.jpg,Suspicious/Non-Clone
Emily Brown,alex.johnson_fake,Foodie | Recipe creator,2919,408,data/images/user61.jpg,Clone
Sarah Davis,janesmith_456220,Tech geek | Gamer,1006,407,data/images/user62.jpg,Suspicious/Non-Clone
Jane Smith,emmaclark_660,Adventure seeker,8402,12,data/images/user63.jpg,Legitimate
Emma Clark,laura.taylor829,Just living life!,5749,315,data/images/user64.jpg,Legitimate
Jane Smith,davidlee_22935,Tech enthusiast | Blogger,6994,390,data/images/user65.jpg,Legitimate
Emma Clark,john_doe123387,Tech enthusiast | Blogger,4543,312,data/images/user66.jpg,Suspicious/Non-Clone
Emily Brown,davidlee_22191,Book lover 📚,9542,35,data/images/user67.jpg,Legitimate
Laura Taylor,john_doe123409,Just living life!,4961,172,data/images/user68.jpg,Legitimate
Chris Wilson,laura.taylor929,Dreamer | Artist,4037,19,data/images/user69.jpg,Suspicious/Non-Clone
David Lee,sarahdavis99_official,Lover of travel and coffee ☕,9769,320,data/images/user70.jpg,Clone
Laura Taylor,mikechen_80,Fitness freak 💪,6065,263,data/images/user71.jpg,Suspicious/Non-Clone
Michael Chen,sarahdavis99213,Tech enthusiast | Blogger,1268,493,data/images/user72.jpg,Legitimate
Jane Smith,mikechen_676,Photographer | Nature lover,4546,399,data/images/user73.jpg,Legitimate
Michael Chen,alex.johnson659,Tech enthusiast | Blogger,4785,141,data/images/user74.jpg,Suspicious/Non-Clone
Laura Taylor,emilyb_789_official,Tech geek | Gamer,4605,459,data/images/user75.jpg,Clone
Emma Clark,davidlee_22305,Tech enthusiast | Blogger,9196,370,data/images/user76.jpg,Legitimate
David Lee,john_doe123373,Tech enthusiast | Blogger,8100,470,data/images/user77.jpg,Legitimate
David Lee,sarahdavis99886,Lover of travel and coffee ☕,3496,142,data/images/user78.jpg,Legitimate
John Doe,alex.johnson656,Lover of travel and coffee ☕,1095,91,data/images/user79.jpg,Suspicious/Non-Clone
David Lee,chris_wilson953,Foodie | Recipe creator,6943,353,data/images/user80.jpg,Legitimate
Chris Wilson,emmaclark__official,Dreamer | Artist,1743,321,data/images/user81.jpg,Clone
David Lee,laura.taylor668,Photographer | Nature lover,3486,287,data/images/user82.jpg,Legitimate
Laura Taylor,mikechen_8,Tech enthusiast | Blogger,8804,214,data/images/user83.jpg,Legitimate
John Doe,emmaclark__official,Tech enthusiast | Blogger,5945,446,data/images/user84.jpg,Clone
Laura Taylor,laura.taylor698,Fitness freak 💪,3404,341,data/images/user85.jpg,Legitimate
Laura Taylor,janesmith_456540,Lover of travel and coffee ☕,275,50,data/images/user86.jpg,Suspicious/Non-Clone
Alex Johnson,mikechen_41,Photographer | Nature lover,4943,152,data/images/user87.jpg,Suspicious/Non-Clone
John Doe,emilyb_789704,Book lover 📚,7072,185,data/images/user88.jpg,Suspicious/Non-Clone
Laura Taylor,sarahdavis99_fake,Foodie | Recipe creator,9201,62,data/images/user89.jpg,Clone
Alex Johnson,davidlee_22929,Dreamer | Artist,5650,189,data/images/user90.jpg,Legitimate
Alex Johnson,mikechen_724,Just living life!,8046,124,data/images/user91.jpg,Suspicious/Non-Clone
John Doe,alex.johnson_official,Dreamer | Artist,9057,149,data/images/user92.jpg,Clone
Michael Chen,alex.johnson256,Tech geek | Gamer,7733,313,data/images/user93.jpg,Legitimate
Emma Clark,mikechen__fake,Tech enthusiast | Blogger,4692,57,data/images/user94.jpg,Clone
Chris Wilson,janesmith_45610,Foodie | Recipe creator,7729,341,data/images/user95.jpg,Suspicious/Non-Clone
Emma Clark,laura.taylor798,Tech geek | Gamer,8258,304,data/images/user96.jpg,Suspicious/Non-Clone
David Lee,janesmith_456251,Photographer | Nature lover,7389,179,data/images/user97.jpg,Suspicious/Non-Clone
Chris Wilson,mikechen__official,Just living life!,9485,169,data/images/user98.jpg,Clone
David Lee,john_doe12318,Lover of travel and coffee ☕,2255,325,data/images/user99.jpg,Clone
Laura Taylor,john_doe123779,Foodie | Recipe creator,1119,270,data/images/user100.jpg,Suspicious/Non-Clone
